{"cameraMode":{"drawMode":0,"name":"Shaded","section":"Shading Mode"},"sceneLighting":false,"audioPlay":false,"sceneViewState":{"showFog":true,"showMaterialUpdate":false,"showSkybox":false,"showFlares":true,"showImageEffects":true,"showParticleSystems":true,"showVisualEffectGraphs":true,"m_FxEnabled":true},"in2DMode":false,"pivot":{"x":51.879150390625,"y":391.6385803222656,"z":2.682667741282785e-7},"rotation":{"x":-0.006308279931545258,"y":0.018596235662698747,"z":-0.00011645703489193693,"w":-0.9998137950897217},"size":52.327842712402347,"orthographic":false}