{"cameraMode":{"drawMode":0,"name":"Shaded","section":"Shading Mode"},"sceneLighting":true,"audioPlay":false,"sceneViewState":{"showFog":true,"showMaterialUpdate":false,"showSkybox":true,"showFlares":true,"showImageEffects":true,"showParticleSystems":true,"showVisualEffectGraphs":true,"m_FxEnabled":true},"in2DMode":false,"pivot":{"x":-0.8649680614471436,"y":0.8057628870010376,"z":2.735078811645508},"rotation":{"x":0.01481490395963192,"y":0.14713643491268159,"z":-0.002353776479139924,"w":0.9891387224197388},"size":0.788205087184906,"orthographic":false}