{"cameraMode":{"drawMode":0,"name":"Shaded","section":"Shading Mode"},"sceneLighting":false,"audioPlay":false,"sceneViewState":{"showFog":true,"showMaterialUpdate":false,"showSkybox":false,"showFlares":true,"showImageEffects":true,"showParticleSystems":true,"showVisualEffectGraphs":true,"m_FxEnabled":true},"in2DMode":false,"pivot":{"x":0.0003679254441522062,"y":0.0016805129125714303,"z":0.1513155698776245},"rotation":{"x":-0.023997491225600244,"y":-0.00420285202562809,"z":0.00010088596900459379,"w":-0.9997034668922424},"size":0.8534762263298035,"orthographic":true}