{"cameraMode":{"drawMode":0,"name":"Shaded","section":"Shading Mode"},"sceneLighting":true,"audioPlay":false,"sceneViewState":{"showFog":true,"showMaterialUpdate":false,"showSkybox":true,"showFlares":true,"showImageEffects":true,"showParticleSystems":true},"in2DMode":false,"pivot":{"x":1.8422000408172608,"y":2.0274999141693117,"z":1.3819401264190674},"rotation":{"x":0.12339925020933151,"y":-0.28024885058403017,"z":0.03635387867689133,"w":0.951269805431366},"size":0.2617190480232239,"orthographic":true}