{"cameraMode":{"drawMode":0,"name":"Shaded","section":"Shading Mode"},"sceneLighting":true,"audioPlay":false,"sceneViewState":{"showFog":true,"showMaterialUpdate":false,"showSkybox":true,"showFlares":true,"showImageEffects":true,"showParticleSystems":true,"showVisualEffectGraphs":true,"m_FxEnabled":true},"in2DMode":false,"pivot":{"x":0.3910195231437683,"y":1.2055286169052125,"z":1.7260549068450928},"rotation":{"x":-0.06295725703239441,"y":0.006580031476914883,"z":-0.00041563561535440385,"w":-0.997999906539917},"size":0.23836499452590943,"orthographic":false}