{"cameraMode":{"drawMode":0,"name":"Shaded","section":"Shading Mode"},"sceneLighting":true,"audioPlay":false,"sceneViewState":{"showFog":true,"showMaterialUpdate":false,"showSkybox":true,"showFlares":true,"showImageEffects":true,"showParticleSystems":true,"showVisualEffectGraphs":true,"m_FxEnabled":true},"in2DMode":false,"pivot":{"x":-2.297325611114502,"y":1.490523338317871,"z":1.2628819942474366},"rotation":{"x":0.043884534388780597,"y":0.5825281739234924,"z":-0.03143050894141197,"w":0.8110784292221069},"size":0.1232181191444397,"orthographic":false}