{"cameraMode":{"drawMode":0,"name":"Shaded","section":"Shading Mode"},"sceneLighting":true,"audioPlay":false,"sceneViewState":{"showFog":true,"showMaterialUpdate":false,"showSkybox":true,"showFlares":true,"showImageEffects":true,"showParticleSystems":true,"showVisualEffectGraphs":true,"m_FxEnabled":true},"in2DMode":false,"pivot":{"x":-0.24823002517223359,"y":0.6062263250350952,"z":0.35718297958374026},"rotation":{"x":0.4233979284763336,"y":-0.15260200202465058,"z":0.07258111238479614,"w":0.8900889158248901},"size":0.11785602569580078,"orthographic":false}