{"cameraMode":{"drawMode":0,"name":"Shaded","section":"Shading Mode"},"sceneLighting":true,"audioPlay":false,"sceneViewState":{"showFog":true,"showMaterialUpdate":false,"showSkybox":true,"showFlares":true,"showImageEffects":true,"showParticleSystems":true,"showVisualEffectGraphs":true,"m_FxEnabled":true},"in2DMode":false,"pivot":{"x":1.230549693107605,"y":1.4559999704360963,"z":0.12999999523162843},"rotation":{"x":0.3413333594799042,"y":0.5758360028266907,"z":-0.28669291734695437,"w":0.6854140162467957},"size":0.5458687543869019,"orthographic":false}