{"cameraMode":{"drawMode":0,"name":"Shaded","section":"Shading Mode"},"sceneLighting":true,"audioPlay":false,"sceneViewState":{"showFog":true,"showMaterialUpdate":false,"showSkybox":true,"showFlares":true,"showImageEffects":true,"showParticleSystems":true,"showVisualEffectGraphs":true,"m_FxEnabled":true},"in2DMode":false,"pivot":{"x":1.1645581722259522,"y":0.7327003479003906,"z":0.09197112917900086},"rotation":{"x":0.07983377575874329,"y":0.457587867975235,"z":-0.041311636567115787,"w":0.8847196102142334},"size":1.2233246564865113,"orthographic":false}