{"cameraMode":{"drawMode":0,"name":"Shaded","section":"Shading Mode"},"sceneLighting":false,"audioPlay":false,"sceneViewState":{"showFog":true,"showMaterialUpdate":false,"showSkybox":false,"showFlares":true,"showImageEffects":true,"showParticleSystems":true,"showVisualEffectGraphs":true,"m_FxEnabled":true},"in2DMode":false,"pivot":{"x":-18.906291961669923,"y":-2.605827808380127,"z":3.092593193054199},"rotation":{"x":-0.03868407756090164,"y":-0.006227750796824694,"z":-0.00041071049054153264,"w":0.9993322491645813},"size":39.99451446533203,"orthographic":false}